{
  "n_targets": 50,
  "final_cosines": [
    0.9767959713935852,
    0.9769077301025391,
    0.979613721370697,
    0.9755793809890747,
    0.9746999740600586,
    0.9779129028320312,
    0.9777418375015259,
    0.9755717515945435,
    0.9760810732841492,
    0.9760317206382751,
    0.9744052886962891,
    0.9772413372993469,
    0.9787940979003906,
    0.9766009449958801,
    0.9719007611274719,
    0.9772359728813171,
    0.9752714037895203,
    0.9788976907730103,
    0.9756498336791992,
    0.9762253165245056,
    0.9725438952445984,
    0.977759838104248,
    0.9760279059410095,
    0.9773632287979126,
    0.9779039621353149,
    0.9785246253013611,
    0.9797725677490234,
    0.979800820350647,
    0.975411593914032,
    0.9748625159263611,
    0.9792577028274536,
    0.9783811569213867,
    0.9783725738525391,
    0.9784750938415527,
    0.9753677248954773,
    0.9755657315254211,
    0.9804019927978516,
    0.9759582877159119,
    0.9752546548843384,
    0.9786683917045593,
    0.9784404039382935,
    0.9767603278160095,
    0.9782255291938782,
    0.9751140475273132,
    0.9810415506362915,
    0.9783443808555603,
    0.9794309735298157,
    0.9723587036132812,
    0.977944016456604,
    0.9721636772155762
  ],
  "final_mses": [
    0.08166045695543289,
    0.09567078202962875,
    0.09143199026584625,
    0.09291883558034897,
    0.08469703048467636,
    0.08792129158973694,
    0.07809307426214218,
    0.09939556568861008,
    0.11430130153894424,
    0.11547701060771942,
    0.1071973666548729,
    0.07804381102323532,
    0.08819586038589478,
    0.0968879908323288,
    0.08416621387004852,
    0.1018223688006401,
    0.08516866713762283,
    0.097385935485363,
    0.09532534331083298,
    0.08196160197257996,
    0.07742200046777725,
    0.08058906346559525,
    0.09984128177165985,
    0.09136220067739487,
    0.10525711625814438,
    0.06948700547218323,
    0.0794924646615982,
    0.07877682149410248,
    0.09308835864067078,
    0.09042949229478836,
    0.10481011867523193,
    0.07889207452535629,
    0.09218557924032211,
    0.0907888114452362,
    0.16217251121997833,
    0.07355459779500961,
    0.07731421291828156,
    0.09493716061115265,
    0.09981300681829453,
    0.09545224159955978,
    0.07736178487539291,
    0.08557356894016266,
    0.09975571930408478,
    0.08091302216053009,
    0.0824209600687027,
    0.07117018103599548,
    0.07447846233844757,
    0.1135118380188942,
    0.10481005907058716,
    0.09471111744642258
  ],
  "restart_variances": [
    7.069109746636911e-06,
    1.8553136328007379e-06,
    6.345213016429533e-06,
    2.0970533777122594e-06,
    1.704919428395821e-06,
    3.1469253382329024e-06,
    9.513806290363525e-06,
    1.0488738119411126e-05,
    6.325536154155721e-06,
    5.852787316023967e-06,
    8.156117836759543e-06,
    2.7794254126563124e-07,
    3.826232184876248e-06,
    5.738829603240773e-06,
    4.868072898650544e-06,
    3.2869035379979995e-06,
    1.2398915505809936e-05,
    8.651125556996079e-06,
    3.450442542988886e-07,
    2.1626815490309437e-06,
    2.594960183987928e-06,
    1.367172775418544e-05,
    9.509676338393607e-06,
    2.6160379943877666e-06,
    3.103297875988207e-06,
    2.3667315816658685e-05,
    1.722417765482305e-05,
    8.490617871996509e-06,
    1.5566344274347493e-06,
    1.908657378576422e-05,
    2.246977390064985e-05,
    5.831703854764719e-06,
    1.1740685442714985e-05,
    3.923425771006998e-06,
    8.982669266520261e-07,
    1.6343642384615091e-06,
    4.267097990211552e-06,
    4.898257418939654e-07,
    6.259756335424817e-06,
    3.470751307989834e-05,
    2.3212460916682217e-07,
    6.02109240893887e-06,
    8.25378584273167e-06,
    7.542687797349209e-06,
    1.2542726028214817e-05,
    1.8230761706805137e-05,
    1.2834798281502005e-05,
    1.6168975654122356e-06,
    7.979467018381308e-06,
    6.768234142606126e-06
  ],
  "all_restart_cosines": [
    [
      0.9715046286582947,
      0.9767959713935852,
      0.9709798693656921
    ],
    [
      0.9769077301025391,
      0.9765338897705078,
      0.9738735556602478
    ],
    [
      0.9761492013931274,
      0.979613721370697,
      0.9734713435173035
    ],
    [
      0.9753158688545227,
      0.9755793809890747,
      0.9723232388496399
    ],
    [
      0.9746999740600586,
      0.9721679091453552,
      0.9719093441963196
    ],
    [
      0.9779129028320312,
      0.9771777391433716,
      0.9739958047866821
    ],
    [
      0.9739176034927368,
      0.9777418375015259,
      0.9702628254890442
    ],
    [
      0.9755717515945435,
      0.9754201769828796,
      0.9687008261680603
    ],
    [
      0.9710813760757446,
      0.9760810732841492,
      0.970563530921936
    ],
    [
      0.9734417796134949,
      0.9760317206382751,
      0.9701222777366638
    ],
    [
      0.9704198241233826,
      0.9744052886962891,
      0.9673721194267273
    ],
    [
      0.9772413372993469,
      0.9765772223472595,
      0.9759191870689392
    ],
    [
      0.976723849773407,
      0.9787940979003906,
      0.9740687608718872
    ],
    [
      0.975014328956604,
      0.9766009449958801,
      0.9709292650222778
    ],
    [
      0.9719007611274719,
      0.9707628488540649,
      0.9667810797691345
    ],
    [
      0.9743930101394653,
      0.9772359728813171,
      0.973048210144043
    ],
    [
      0.9745425581932068,
      0.9752714037895203,
      0.9675535559654236
    ],
    [
      0.9788976907730103,
      0.9771131873130798,
      0.9720029234886169
    ],
    [
      0.974334716796875,
      0.9756498336791992,
      0.9745678901672363
    ],
    [
      0.9762253165245056,
      0.975724995136261,
      0.9728884100914001
    ],
    [
      0.9699773192405701,
      0.9725438952445984,
      0.9687015414237976
    ],
    [
      0.977759838104248,
      0.9767267107963562,
      0.9695176482200623
    ],
    [
      0.9698411226272583,
      0.9760279059410095,
      0.9693002700805664
    ],
    [
      0.9737507700920105,
      0.9765004515647888,
      0.9773632287979126
    ],
    [
      0.9737772345542908,
      0.9762242436408997,
      0.9779039621353149
    ],
    [
      0.9681764841079712,
      0.9785246253013611,
      0.9686942100524902
    ],
    [
      0.9733574986457825,
      0.9797725677490234,
      0.9697927832603455
    ],
    [
      0.9758540987968445,
      0.979800820350647,
      0.9727673530578613
    ],
    [
      0.975411593914032,
      0.9727277159690857,
      0.9749218225479126
    ],
    [
      0.9748625159263611,
      0.9650236964225769,
      0.9698047637939453
    ],
    [
      0.9684389233589172,
      0.9792577028274536,
      0.9707237482070923
    ],
    [
      0.9768617749214172,
      0.9783811569213867,
      0.9728500247001648
    ],
    [
      0.976923942565918,
      0.9783725738525391,
      0.9704238176345825
    ],
    [
      0.9784750938415527,
      0.9771022200584412,
      0.9737871289253235
    ],
    [
      0.9730371832847595,
      0.9753677248954773,
      0.9743568301200867
    ],
    [
      0.973567008972168,
      0.9755657315254211,
      0.9726577997207642
    ],
    [
      0.9804019927978516,
      0.9768688082695007,
      0.9756843447685242
    ],
    [
      0.9759582877159119,
      0.9742437601089478,
      0.975023090839386
    ],
    [
      0.9726690649986267,
      0.9752546548843384,
      0.9691141247749329
    ],
    [
      0.9718479514122009,
      0.9786683917045593,
      0.9644519686698914
    ],
    [
      0.9784404039382935,
      0.9778158068656921,
      0.977374255657196
    ],
    [
      0.9767603278160095,
      0.9731502532958984,
      0.9709438681602478
    ],
    [
      0.974185585975647,
      0.9782255291938782,
      0.9713234305381775
    ],
    [
      0.9751140475273132,
      0.9749865531921387,
      0.969298779964447
    ],
    [
      0.9753475189208984,
      0.9810415506362915,
      0.9726757407188416
    ],
    [
      0.9773411154747009,
