{
  "alphas": [
    -0.5,
    0.0,
    0.25,
    0.5,
    0.75,
    1.0,
    1.5,
    2.0
  ],
  "n_pairs": 10,
  "pair_indices": [
    [
      0,
      28
    ],
    [
      37,
      33
    ],
    [
      8,
      33
    ],
    [
      27,
      31
    ],
    [
      25,
      16
    ],
    [
      45,
      8
    ],
    [
      8,
      48
    ],
    [
      5,
      2
    ],
    [
      21,
      23
    ],
    [
      36,
      38
    ]
  ],
  "median_cosine_by_alpha": {
    "-0.5": 0.9853685200214386,
    "0.0": 0.9957946836948395,
    "0.25": 0.9914851784706116,
    "0.5": 0.9880083203315735,
    "0.75": 0.9916017651557922,
    "1.0": 0.9959104657173157,
    "1.5": 0.9864349365234375,
    "2.0": 0.9730666279792786
  },
  "median_mse_by_alpha": {
    "-0.5": 0.06924717873334885,
    "0.0": 0.020719371736049652,
    "0.25": 0.027816911228001118,
    "0.5": 0.03368527814745903,
    "0.75": 0.02950357459485531,
    "1.0": 0.02165059559047222,
    "1.5": 0.07076070085167885,
    "2.0": 0.2641540467739105
  },
  "all_cosines_by_alpha": {
    "-0.5": [
      0.9830080270767212,
      0.9731466174125671,
      0.9852296113967896,
      0.9864677786827087,
      0.9869861602783203,
      0.9861135482788086,
      0.9855074286460876,
      0.9836784601211548,
      0.9865323305130005,
      0.9841881990432739
    ],
    "0.0": [
      0.9958512187004089,
      0.995596706867218,
      0.995596706867218,
      0.9964413046836853,
      0.996123731136322,
      0.99573814868927,
      0.9957063794136047,
      0.9959911704063416,
      0.9961481094360352,
      0.9956014752388
    ],
    "0.25": [
      0.9904670119285583,
      0.991481602191925,
      0.9912790656089783,
      0.9922305941581726,
      0.9914887547492981,
      0.9918203353881836,
      0.9910362362861633,
      0.9911035895347595,
      0.9927601218223572,
      0.9918972253799438
    ],
    "0.5": [
      0.9854477047920227,
      0.9897405505180359,
      0.9868966341018677,
      0.9887657165527344,
      0.9877079129219055,
      0.9882442355155945,
      0.9869378209114075,
      0.9877724051475525,
      0.9886696934700012,
      0.9887134432792664
    ],
    "0.75": [
      0.9908434748649597,
      0.9931082725524902,
      0.9907389879226685,
      0.9925471544265747,
      0.9908631443977356,
      0.9914766550064087,
      0.9909209609031677,
      0.9917268753051758,
      0.9923073053359985,
      0.9919357299804688
    ],
    "1.0": [
      0.9964209794998169,
      0.9965631365776062,
      0.99573814868927,
      0.9963338971138,
      0.9959951639175415,
      0.9955690503120422,
      0.99573814868927,
      0.9960223436355591,
      0.9958257675170898,
      0.9956604242324829
    ],
    "1.5": [
      0.9880884289741516,
      0.9863853454589844,
      0.985647976398468,
      0.9869888424873352,
      0.9853687286376953,
      0.9862903952598572,
      0.9804035425186157,
      0.9865704774856567,
      0.9866837859153748,
      0.9864845275878906
    ],
    "2.0": [
      0.9758405685424805,
      0.9712490439414978,
      0.9711090326309204,
      0.974814236164093,
      0.9708215594291687,
      0.973118245601654,
      0.9629673361778259,
      0.9733953475952148,
      0.9741007089614868,
      0.9730150103569031
    ]
  }
}