{
  "n_targets": 50,
  "final_cosines": [
    0.9680145382881165,
    0.9631220102310181,
    0.975367546081543,
    0.9618374109268188,
    0.9672293663024902,
    0.9744848608970642,
    0.967585027217865,
    0.960145890712738,
    0.9691808819770813,
    0.9714677929878235,
    0.9470230937004089,
    0.9670906066894531,
    0.9719366431236267,
    0.9751049280166626,
    0.9686973690986633,
    0.9755359888076782,
    0.973637044429779,
    0.9630581140518188,
    0.9801521301269531,
    0.9621731638908386,
    0.9777647256851196,
    0.9808573722839355,
    0.9675949215888977,
    0.9616600275039673,
    0.9769649505615234,
    0.9648354649543762,
    0.9622554779052734,
    0.9681345820426941,
    0.9735196232795715,
    0.9655532836914062,
    0.967298150062561,
    0.97567218542099,
    0.9724904894828796,
    0.9738249182701111,
    0.9672897458076477,
    0.9691221117973328,
    0.9749423265457153,
    0.9721474051475525,
    0.9735265970230103,
    0.964245617389679,
    0.971837043762207,
    0.9728779196739197,
    0.9723716974258423,
    0.9734403491020203,
    0.9685755968093872,
    0.9741970896720886,
    0.9612287878990173,
    0.9744251370429993,
    0.970158576965332,
    0.9719982147216797
  ],
  "final_mses": [
    1.78462815284729,
    2.181851387023926,
    1.625425100326538,
    2.5104377269744873,
    1.4394127130508423,
    2.3567564487457275,
    2.302813768386841,
    2.040597677230835,
    2.0154967308044434,
    2.16534686088562,
    2.390258550643921,
    2.0233066082000732,
    1.3144787549972534,
    3.1283841133117676,
    1.842543125152588,
    2.3205060958862305,
    1.1086015701293945,
    2.1668572425842285,
    1.9933182001113892,
    2.9261419773101807,
    4.807283878326416,
    2.5068001747131348,
    1.636249303817749,
    1.6476083993911743,
    1.1420034170150757,
    1.9189258813858032,
    2.1922972202301025,
    2.0073273181915283,
    1.6081342697143555,
    1.3865046501159668,
    2.3169612884521484,
    1.3299860954284668,
    1.6322875022888184,
    1.67132568359375,
    1.5746054649353027,
    1.1316887140274048,
    2.7967307567596436,
    1.964296579360962,
    1.552781343460083,
    3.006854772567749,
    1.3589470386505127,
    1.1936112642288208,
    3.1848371028900146,
    2.321439266204834,
    2.774371385574341,
    1.942103385925293,
    1.182206392288208,
    1.1885124444961548,
    1.7107043266296387,
    1.707496166229248
  ],
  "restart_variances": [
    1.6042627806559888e-06,
    0.0001447061766957204,
    0.00020545389360438233,
    0.00017236280058079918,
    0.00022959446640555582,
    0.00047275447700535615,
    5.75946970889301e-05,
    2.6613172424521595e-05,
    2.369231832500941e-05,
    0.00022496374343958548,
    1.591028129377392e-05,
    9.770268723786737e-05,
    0.0002204243313244863,
    9.701400178942991e-05,
    0.00016152403825376056,
    0.00029224033394894487,
    0.0002860783964102979,
    0.00021468245342943595,
    0.0004919494683270168,
    6.330285392476388e-05,
    3.041107125642848e-05,
    2.238501156682905e-05,
    6.951486124527464e-05,
    0.00015488995737872633,
    0.0003363437408003668,
    0.00011847424584077171,
    1.3669456150675977e-05,
    7.153098582950929e-06,
    0.0004643209265219328,
    0.0004235448309815901,
    0.00015244693606669075,
    0.00036007438366900433,
    0.0003165650848802419,
    8.790246627626223e-05,
    7.294491946174819e-05,
    6.827026494210827e-05,
    8.175459005893868e-05,
    0.00010228824188012679,
    0.0002705881460676555,
    5.99847665675816e-06,
    1.2110312048964192e-05,
    0.0001778610318713526,
    0.00017702800628353424,
    9.045302129252597e-05,
    6.486517704482362e-05,
    0.00024367332076877558,
    5.595385656735465e-05,
    0.000451466362615958,
    0.00011413402379545664,
    0.00017502609740770015
  ],
  "all_restart_cosines": [
    [
      0.9685230255126953,
      0.9680145382881165,
      0.9655494689941406
    ],
    [
      0.9600493311882019,
      0.9631220102310181,
      0.9545585513114929
    ],
    [
      0.975367546081543,
      0.965874969959259,
      0.9664570689201355
    ],
    [
      0.9618374109268188,
      0.9549045562744141,
      0.9435500502586365
    ],
    [
      0.9672293663024902,
      0.9596939086914062,
      0.9606642127037048
    ],
    [
      0.9744848608970642,
      0.9563425183296204,
      0.9475866556167603
    ],
    [
      0.9562814831733704,
      0.967585027217865,
      0.9719955325126648
    ],
    [
      0.9666515588760376,
      0.9609264731407166,
      0.960145890712738
    ],
    [
      0.967568039894104,
      0.9691808819770813,
      0.9644249081611633
    ],
    [
      0.9714677929878235,
      0.9650479555130005,
      0.9514560699462891
    ],
    [
      0.95811527967453,
      0.9658767580986023,
      0.9470230937004089
    ],
    [
      0.9671487808227539,
      0.9725396037101746,
      0.9670906066894531
    ],
    [
      0.9719366431236267,
      0.9678440093994141,
      0.9547867774963379
    ],
    [
      0.9751049280166626,
      0.9694743156433105,
      0.9614447951316833
    ],
    [
      0.9686973690986633,
      0.960353672504425,
      0.95014488697052
    ],
    [
      0.9755359888076782,
      0.9560199975967407,
      0.971687912940979
    ],
    [
      0.973637044429779,
      0.9726220369338989,
      0.9564739465713501
    ],
    [
      0.9545337557792664,
      0.954196572303772,
      0.9630581140518188
    ],
    [
      0.9500603079795837,
      0.9648662805557251,
      0.9801521301269531
    ],
    [
      0.9621731638908386,
      0.9644295573234558,
      0.9695310592651367
    ],
    [
      0.9586641192436218,
      0.9777647256851196,
      0.9575263261795044
    ],
    [
      0.9808573722839355,
      0.9751389622688293,
      0.9754515886306763
    ],
    [
      0.9683786630630493,
      0.9675949215888977,
      0.9673696756362915
    ],
    [
      0.9616600275039673,
      0.9504039883613586,
      0.9613210558891296
    ],
    [
      0.9769649505615234,
      0.9683599472045898,
      0.960518479347229
    ],
    [
      0.9648354649543762,
      0.9685601592063904,
      0.9756574034690857
    ],
    [
      0.9599260687828064,
      0.9622554779052734,
      0.9562514424324036
    ],
    [
      0.9613409042358398,
      0.9663177728652954,
      0.9681345820426941
    ],
    [
      0.9626573920249939,
      0.9735196232795715,
      0.947766900062561
    ],
    [
      0.9483751654624939,
      0.9655532836914062,
      0.9462761282920837
    ],
    [
      0.967298150062561,
      0.9640378952026367,
      0.9612887501716614
    ],
    [
      0.97567218542099,
      0.9674953818321228,
      0.9650049209594727
    ],
    [
      0.9724904894828796,
      0.9662596583366394,
      0.9571506381034851
    ],
    [
      0.9738249182701111,
      0.9656597375869751,
      0.960575520992279
    ],
    [
      0.963025689125061,
      0.9672897458076477,
      0.9640167355537415
    ],
    [
      0.9691221117973328,
      0.971118152141571,
      0.9626018404960632
    ],
    [
      0.9749423265457153,
      0.9718772768974304,
      0.965850830078125
    ],
    [
      0.9721474051475525,
      0.9658446311950684,
      0.9668823480606079
    ],
    [
      0.9539629220962524,
      0.9735265970230103,
      0.9546571969985962
    ],
    [
      0.9657617807388306,
      0.9557607769966125,
      0.964245617389679
    ],
    [
      0.9698566794395447,
      0.9705767631530762,
      0.971837043762207
    ],
    [
      0.9728779196739197,
      0.9766548275947571,
      0.9610158801078796
    ],
    [
      0.9723716974258423,
      0.954947292804718,
      0.964084804058075
    ],
    [
      0.9635815024375916,
      0.9734403491020203,
      0.9527606964111328
    ],
    [
      0.9685755968093872,
      0.9549053311347961,
      0.9570574164390564
    ],
    [
      0.9741970896720886,
      0.9758628010749817,
      0.9608703851699829
    ],
    [
