{
  "full_model": {
    "mean": 0.9959434998035431,
    "median": 0.9959548115730286,
    "std": 0.00038592756230642776
  },
  "no_ffn": {
    "mean": 0.994066641330719,
    "median": 0.9949126839637756,
    "std": 0.002688422521545367,
    "mean_delta": -0.0018768584728240966,
    "median_delta": -0.0010403990745544434,
    "frac_better_than_full": 0.0,
    "frac_worse_than_full": 1.0
  },
  "no_attn": {
    "mean": 0.979003233909607,
    "median": 0.9791522026062012,
    "std": 0.0016029085728508244,
    "mean_delta": -0.016940265893936157,
    "median_delta": -0.01689213514328003,
    "frac_better_than_full": 0.0,
    "frac_worse_than_full": 1.0
  }
}