{
  "n_targets": 50,
  "final_cosines": [
    0.9794061779975891,
    0.9797490239143372,
    0.9792744517326355,
    0.9760881662368774,
    0.9791439175605774,
    0.9760240912437439,
    0.9795729517936707,
    0.9801503419876099,
    0.9788340926170349,
    0.9810963869094849,
    0.979160487651825,
    0.9802433252334595,
    0.9791898727416992,
    0.9793095588684082,
    0.9793927073478699,
    0.9789436459541321,
    0.9799531102180481,
    0.9792317748069763,
    0.9786087274551392,
    0.979098916053772,
    0.9784599542617798,
    0.9777466058731079,
    0.97970050573349,
    0.9771242141723633,
    0.9766994714736938,
    0.9782671332359314,
    0.9799560904502869,
    0.9774643182754517,
    0.9790897369384766,
    0.9767654538154602,
    0.9790024161338806,
    0.9784582257270813,
    0.977571427822113,
    0.975667417049408,
    0.9812769293785095,
    0.9765089154243469,
    0.9801037907600403,
    0.9833559989929199,
    0.9808662533760071,
    0.9773301482200623,
    0.9810115098953247,
    0.9818210005760193,
    0.9782733917236328,
    0.9774852991104126,
    0.9816129803657532,
    0.9795562624931335,
    0.9790226221084595,
    0.9792441725730896,
    0.9811145067214966,
    0.9771332144737244
  ],
  "final_mses": [
    0.06515839695930481,
    0.05597209185361862,
    0.06523190438747406,
    0.09061519056558609,
    0.05076901242136955,
    0.06786024570465088,
    0.05891115963459015,
    0.06379012018442154,
    0.06081179156899452,
    0.06339650601148605,
    0.05733516439795494,
    0.0518452450633049,
    0.05904872342944145,
    0.05784594640135765,
    0.06020167097449303,
    0.06400366872549057,
    0.0565183125436306,
    0.05778088793158531,
    0.06139034032821655,
    0.06322841346263885,
    0.05296563729643822,
    0.05956526845693588,
    0.09357961267232895,
    0.0672464594244957,
    0.062021464109420776,
    0.05884356051683426,
    0.04656020551919937,
    0.05851615592837334,
    0.053287211805582047,
    0.06890174746513367,
    0.05453264340758324,
    0.05487270653247833,
    0.06563703715801239,
    0.0652569904923439,
    0.05816923454403877,
    0.07172752171754837,
    0.06706421077251434,
    0.07039307057857513,
    0.05593494325876236,
    0.06185450777411461,
    0.05543392896652222,
    0.09368577599525452,
    0.051555413752794266,
    0.061148274689912796,
    0.09528136998414993,
    0.05423424392938614,
    0.05754007771611214,
    0.053101763129234314,
    0.09001592546701431,
    0.06621694564819336
  ],
  "restart_variances": [
    2.62873998929658e-07,
    3.5143364999891243e-07,
    5.523529415156338e-07,
    1.2635887811162587e-07,
    1.7659618831387483e-07,
    1.6109184770389065e-07,
    4.29824116993876e-07,
    2.813532395588693e-07,
    5.74280576959142e-07,
    9.153727918716987e-07,
    4.665878381468789e-07,
    1.3911717723227238e-06,
    1.2009351940894191e-06,
    1.4846032428506327e-06,
    1.0846585422423043e-07,
    1.7149704600786918e-06,
    3.058838920584463e-06,
    1.08014631525519e-06,
    1.5778743787764645e-06,
    1.8108348176781863e-06,
    8.98598659402092e-08,
    2.7322963958945995e-07,
    2.3567947489499468e-07,
    1.1588345843872705e-08,
    1.0987130774862501e-07,
    3.127343305223129e-07,
    6.519904088078676e-07,
    7.801323515891727e-08,
    8.280277820033352e-07,
    1.1063075197696264e-06,
    1.6630144787181203e-07,
    2.2052712900541867e-07,
    3.080033132160037e-07,
    1.1394670086427153e-06,
    5.571035822945431e-07,
    9.162953498345925e-08,
    1.4371012193322646e-06,
    9.64726235624781e-07,
    9.052403023599197e-07,
    3.314335991542862e-07,
    9.10747711652424e-08,
    1.673865402537315e-06,
    1.281640031680014e-08,
    9.028372535922295e-08,
    7.209199284000101e-07,
    5.362253319984855e-07,
    4.988464761669487e-07,
    5.218017781225301e-07,
    1.2277504299075075e-06,
    6.218356619077596e-07
  ],
  "all_restart_cosines": [
    [
      0.9794061779975891,
      0.9782325029373169,
      0.9790781140327454
    ],
    [
      0.9797490239143372,
      0.9782533645629883,
      0.9791372418403625
    ],
    [
      0.9792744517326355,
      0.9783899188041687,
      0.9774624109268188
    ],
    [
      0.9759232401847839,
      0.9760881662368774,
      0.9753269553184509
    ],
    [
      0.9781708717346191,
      0.9791439175605774,
      0.9784258008003235
    ],
    [
      0.9760240912437439,
      0.9752843976020813,
      0.9751777648925781
    ],
    [
      0.9795729517936707,
      0.9779607653617859,
      0.9785701632499695
    ],
    [
      0.9800721406936646,
      0.9789871573448181,
      0.9801503419876099
    ],
    [
      0.9788340926170349,
      0.9779810905456543,
      0.9770330786705017
    ],
    [
      0.9810963869094849,
      0.9788305163383484,
      0.97992342710495
    ],
    [
      0.979160487651825,
      0.9778776168823242,
      0.9776176810264587
    ],
    [
      0.9802433252334595,
      0.9778167009353638,
      0.9777318239212036
    ],
    [
      0.9791898727416992,
      0.9770113825798035,
      0.9767321944236755
    ],
    [
      0.9793095588684082,
      0.9764118194580078,
      0.9784539341926575
    ],
    [
      0.9793242812156677,
      0.9793927073478699,
      0.9787020087242126
    ],
    [
      0.9789436459541321,
      0.9760854840278625,
      0.978720486164093
    ],
    [
      0.9799531102180481,
      0.9778118133544922,
      0.9757046103477478
    ],
    [
      0.9792317748069763,
      0.9766624569892883,
      0.9778295755386353
    ],
    [
      0.9786087274551392,
      0.9780523180961609,
      0.975801408290863
    ],
    [
      0.979098916053772,
      0.9761533141136169,
      0.9789062738418579
    ],
    [
      0.9782916903495789,
      0.9784599542617798,
      0.9778072237968445
    ],
    [
      0.9777466058731079,
      0.9765869379043579,
      0.9775630831718445
    ],
    [
      0.97970050573349,
      0.9784685969352722,
      0.9789948463439941
    ],
    [
      0.9768350720405579,
      0.9771242141723633,
      0.977072536945343
    ],
    [
      0.9766994714736938,
      0.9758768081665039,
      0.976475715637207
    ],
    [
      0.9782671332359314,
      0.9771376848220825,
      0.9770917892456055
    ],
    [
      0.9795734286308289,
      0.9799560904502869,
      0.9781070947647095
    ],
    [
      0.9768522381782532,
      0.9774643182754517,
      0.9769039154052734
    ],
    [
      0.9790897369384766,
      0.9781650900840759,
      0.9768997430801392
    ],
    [
      0.9767654538154602,
      0.9745441675186157,
      0.9745427966117859
    ],
    [
      0.9790024161338806,
      0.9782420992851257,
      0.9781379103660583
    ],
    [
      0.9784582257270813,
      0.9773446917533875,
      0.9778438806533813
    ],
    [
      0.977571427822113,
      0.9763736724853516,
      0.9764928817749023
    ],
    [
      0.975667417049408,
      0.9750211834907532,
      0.9732042551040649
    ],
    [
      0.9812769293785095,
      0.9794901013374329,
      0.9806583523750305
    ],
    [
      0.9764690399169922,
      0.9765089154243469,
      0.9758780598640442
    ],
    [
      0.9801037907600403,
      0.9771734476089478,
      0.9783360362052917
    ],
    [
      0.9829396605491638,
      0.9833559989929199,
      0.9814006686210632
    ],
    [
      0.9808662533760071,
      0.9786138534545898,
      0.9802019000053406
    ],
    [
      0.9773301482200623,
      0.9763332605361938,
      0.9760513305664062
    ],
    [
      0.9810115098953247,
      0.9803605079650879,
      0.9803576469421387
    ],
    [
      0.9818210005760193,
      0.9787092208862305,
      0.9794731140136719
    ],
    [
      0.9780492782592773,
      0.9782733917236328,
      0.9782335162162781
    ],
    [
      0.9767183661460876,
      0.9774852991104126,
      0.9771829843521118
    ],
    [
      0.9816129803657532,
      0.9797815680503845,
      0.9797679781913757
    ],
    [
