{
  "n_targets": 50,
  "final_cosines": [
    0.9945772290229797,
    0.9943773150444031,
    0.9950056076049805,
    0.9946791529655457,
    0.9948415756225586,
    0.9950417876243591,
    0.9947758913040161,
    0.9946197867393494,
    0.9948641061782837,
    0.99493807554245,
    0.9946956038475037,
    0.9951097369194031,
    0.9951807260513306,
    0.9946512579917908,
    0.9949208498001099,
    0.9950385093688965,
    0.9952306747436523,
    0.9947053790092468,
    0.994611382484436,
    0.9950264096260071,
    0.9951926469802856,
    0.995227038860321,
    0.9871004223823547,
    0.9949472546577454,
    0.9948903918266296,
    0.9948403239250183,
    0.9953072667121887,
    0.9950065016746521,
    0.9947015643119812,
    0.9954841732978821,
    0.9945839047431946,
    0.9947170615196228,
    0.9948135614395142,
    0.9953894019126892,
    0.9949045181274414,
    0.9946644902229309,
    0.9944925308227539,
    0.9865619540214539,
    0.9952347874641418,
    0.9951522946357727,
    0.9952837824821472,
    0.9869980812072754,
    0.9950318336486816,
    0.995043933391571,
    0.9870842099189758,
    0.9953387379646301,
    0.9954347610473633,
    0.9949473738670349,
    0.9831115007400513,
    0.9949547052383423
  ],
  "final_mses": [
    3.8144233226776123,
    2.866086959838867,
    3.1654720306396484,
    3.6336934566497803,
    2.8684773445129395,
    3.3365538120269775,
    2.861347198486328,
    3.623286724090576,
    2.236342191696167,
    3.040753126144409,
    2.8672876358032227,
    2.8563168048858643,
    3.4171559810638428,
    2.8297433853149414,
    3.180539131164551,
    3.584289312362671,
    3.1926541328430176,
    3.3753561973571777,
    3.4769954681396484,
    3.6085541248321533,
    2.8463757038116455,
    2.440161943435669,
    5.855883598327637,
    2.845999240875244,
    2.847632646560669,
    3.185619592666626,
    2.831301689147949,
    2.8513360023498535,
    2.7258353233337402,
    2.521141767501831,
    2.8407692909240723,
    2.885385036468506,
    3.170832872390747,
    2.8523736000061035,
    3.4793403148651123,
    2.9689033031463623,
    3.0753135681152344,
    7.100510597229004,
    2.514854907989502,
    2.792931079864502,
    2.8420798778533936,
    7.063985347747803,
    2.858895778656006,
    3.3326878547668457,
    7.06073522567749,
    3.273101568222046,
    2.0362746715545654,
    2.5159125328063965,
    5.8055315017700195,
    3.3715429306030273
  ],
  "restart_variances": [
    1.5010929922213792e-07,
    8.82630668028492e-08,
    1.8108329211427883e-07,
    1.4531240570393577e-07,
    1.9653427404953128e-07,
    2.0590970218707186e-07,
    1.8355510781701648e-07,
    9.35322525634034e-08,
    5.246266976407447e-07,
    8.12647456364483e-08,
    7.173973831036623e-08,
    1.497872608385236e-07,
    5.858585433757589e-08,
    7.900846249772917e-08,
    7.323184809486054e-08,
    1.8329951414424666e-07,
    1.2862836973326353e-07,
    1.8351348533686267e-07,
    5.658893855669472e-08,
    2.1049978599394258e-07,
    1.036415065713836e-07,
    2.2110860774095091e-07,
    1.064180841093955e-05,
    2.3249554728038073e-07,
    1.2967891269452835e-07,
    1.0582379866224615e-07,
    2.497756129827956e-07,
    1.1398956246503704e-07,
    1.2617903749931635e-07,
    1.0130600140326492e-07,
    2.0810991439702674e-07,
    1.385256416735419e-07,
    1.5033403368774283e-07,
    1.8347958328902696e-07,
    1.3162122921511137e-07,
    9.363159446230797e-08,
    3.9489935408118825e-08,
    8.534307611582667e-06,
    1.3821525091337975e-07,
    1.1126593567180166e-07,
    1.362971987618601e-07,
    9.97593170531324e-06,
    1.3992701459556814e-07,
    2.277386779190069e-07,
    1.0918240788890562e-05,
    2.0694597611793502e-07,
    1.4933572072689527e-07,
    1.3420472358493467e-07,
    2.8734031237709345e-06,
    2.3494802660185675e-07
  ],
  "all_restart_cosines": [
    [
      0.994327187538147,
      0.9948223233222961,
      0.9945772290229797
    ],
    [
      0.9943460822105408,
      0.9945968985557556,
      0.9943773150444031
    ],
    [
      0.9947269558906555,
      0.9950756430625916,
      0.9950056076049805
    ],
    [
      0.9942445158958435,
      0.9944953918457031,
      0.9946791529655457
    ],
    [
      0.9944068789482117,
      0.9950187802314758,
      0.9948415756225586
    ],
    [
      0.9945551156997681,
      0.9948636889457703,
      0.9950417876243591
    ],
    [
      0.9943296313285828,
      0.9946042895317078,
      0.9947758913040161
    ],
    [
      0.9942790269851685,
      0.9943768382072449,
      0.9946197867393494
    ],
    [
      0.9935837984085083,
      0.9946438074111938,
      0.9948641061782837
    ],
    [
      0.9949745535850525,
      0.9951160550117493,
      0.99493807554245
    ],
    [
      0.9946390390396118,
      0.994976818561554,
      0.9946956038475037
    ],
    [
      0.9948143362998962,
      0.9954239130020142,
      0.9951097369194031
    ],
    [
      0.9949068427085876,
      0.9951807260513306,
      0.9948469400405884
    ],
    [
      0.9947233200073242,
      0.9951062202453613,
      0.9946512579917908
    ],
    [
      0.9948077201843262,
      0.9948837161064148,
      0.9949208498001099
    ],
    [
      0.9945101737976074,
      0.9947969317436218,
      0.9950385093688965
    ],
    [
      0.9950414896011353,
      0.9951692819595337,
      0.9952306747436523
    ],
    [
      0.9942180514335632,
      0.9945621490478516,
      0.9947053790092468
    ],
    [
      0.9946582913398743,
      0.9948679804801941,
      0.994611382484436
    ],
    [
      0.9945411682128906,
      0.9948715567588806,
      0.9950264096260071
    ],
    [
      0.9949146509170532,
      0.9951618313789368,
      0.9951926469802856
    ],
    [
      0.9946665167808533,
      0.9951877593994141,
      0.995227038860321
    ],
    [
      0.9817323684692383,
      0.9835186004638672,
      0.9871004223823547
    ],
    [
      0.9943298697471619,
      0.994925320148468,
      0.9949472546577454
    ],
    [
      0.9946406483650208,
      0.9951210021972656,
      0.9948903918266296
    ],
    [
      0.994681179523468,
      0.9950262308120728,
      0.9948403239250183
    ],
    [
      0.994708240032196,
      0.9951202273368835,
      0.9953072667121887
    ],
    [
      0.9947330355644226,
      0.9951414465904236,
      0.9950065016746521
    ],
    [
      0.9945265650749207,
      0.9951105117797852,
      0.9947015643119812
    ],
    [
      0.9953530430793762,
      0.9953638315200806,
      0.9954841732978821
    ],
    [
      0.9940319061279297,
      0.9948861002922058,
      0.9945839047431946
    ],
    [
      0.994096577167511,
      0.9947170615196228,
      0.9943632483482361
    ],
    [
      0.9944383502006531,
      0.9946508407592773,
      0.9948135614395142
    ],
    [
      0.9949977993965149,
      0.9952716827392578,
      0.9953894019126892
    ],
    [
      0.9946271181106567,
      0.994670569896698,
      0.9949045181274414
    ],
    [
      0.9946953654289246,
      0.9949625134468079,
      0.9946644902229309
    ],
    [
      0.9947032928466797,
      0.9944033026695251,
      0.9944925308227539
    ],
    [
      0.9853822588920593,
      0.9812197089195251,
      0.9865619540214539
    ],
    [
      0.9950462579727173,
      0.9953407645225525,
      0.9952347874641418
    ],
    [
      0.9945467114448547,
      0.9951522946357727,
      0.9948774576187134
    ],
    [
      0.9950420260429382,
      0.9949046969413757,
      0.9952837824821472
    ],
    [
      0.9911245703697205,
      0.9869980812072754,
      0.9861435294151306
    ],
    [
      0.9947973489761353,
      0.9953247308731079,
      0.9950318336486816
    ],
    [
      0.9944093823432922,
      0.9946921467781067,
      0.995043933391571
    ],
    [
      0.9912198185920715,
      0.9870842099189758,
      0.9860146641731262
    ],
    [
      0.9947820901870728,
      0.9951906204223633,
      0.9953387379646301
    ],
