{
  "10": {
    "n_tokens": 5031,
    "median_continuous_cos": 0.8697077035903931,
    "median_discrete_cos": 0.6467349529266357,
    "mean_discrete_cos": 0.6412744522094727,
    "std_discrete_cos": 0.04121977680672537,
    "min_discrete_cos": 0.5530529618263245,
    "all_continuous": [
      0.839256227016449,
      0.87087482213974,
      0.8973556756973267,
      0.8576954007148743,
      0.8580809831619263,
      0.8778576254844666,
      0.8790559768676758,
      0.8300865292549133,
      0.8706240653991699,
      0.8597721457481384,
      0.8697077035903931,
      0.8536738753318787,
      0.8799051642417908,
      0.8680967688560486,
      0.8470506072044373,
      0.8849849104881287,
      0.8641244769096375,
      0.8556174635887146,
      0.8683708310127258,
      0.8568676114082336,
      0.8703696131706238,
      0.87459796667099,
      0.8719804883003235,
      0.8805025219917297,
      0.881277859210968
    ],
    "all_discrete": [
      0.6042110323905945,
      0.6095852255821228,
      0.6783782243728638,
      0.5886635184288025,
      0.6695537567138672,
      0.6337755918502808,
      0.7122272253036499,
      0.5914240479469299,
      0.6202158331871033,
      0.5832263827323914,
      0.6574580073356628,
      0.6144177317619324,
      0.6467349529266357,
      0.6539314389228821,
      0.5530529618263245,
      0.7022547125816345,
      0.6862183809280396,
      0.6158753633499146,
      0.6506110429763794,
      0.6403784155845642,
      0.6035078167915344,
      0.6788553595542908,
      0.6891140341758728,
      0.6511130332946777,
      0.697077214717865
    ],
    "sample_tokens": [
      " sont",
      "318",
      "plaintiff",
      " did",
      " Trump",
      "Sept",
      "Does",
      "\u00edvel",
      " Women",
      "):"
    ]
  },
  "25": {
    "n_tokens": 12576,
    "median_continuous_cos": 0.9612890481948853,
    "median_discrete_cos": 0.7731603980064392,
    "mean_discrete_cos": 0.7610697746276855,
    "std_discrete_cos": 0.05149862841397486,
    "min_discrete_cos": 0.6339263319969177,
    "all_continuous": [
      0.9196916818618774,
      0.9573996663093567,
      0.9672760367393494,
      0.947605550289154,
      0.9666933417320251,
      0.9559084177017212,
      0.9620382189750671,
      0.945237934589386,
      0.9546354413032532,
      0.9518998265266418,
      0.9580726623535156,
      0.9626369476318359,
      0.9701429605484009,
      0.9632587432861328,
      0.965065598487854,
      0.9601214528083801,
      0.9539312720298767,
      0.9612890481948853,
      0.9560063481330872,
      0.9346252679824829,
      0.969531238079071,
      0.9627362489700317,
      0.973706066608429,
      0.9634677767753601,
      0.9646710753440857
    ],
    "all_discrete": [
      0.6339263319969177,
      0.7129442095756531,
      0.8402603268623352,
      0.6910319924354553,
      0.8165263533592224,
      0.7466334700584412,
      0.7818126678466797,
      0.6975930333137512,
      0.7420880198478699,
      0.6673766374588013,
      0.7419089674949646,
      0.7770777344703674,
      0.8225166201591492,
      0.7791414260864258,
      0.7754805684089661,
      0.8018184900283813,
      0.7991823554039001,
      0.7670204043388367,
      0.7500539422035217,
      0.7111736536026001,
      0.8301143646240234,
      0.8218247294425964,
      0.7731603980064392,
      0.7824954390525818,
      0.7635822296142578
    ],
    "sample_tokens": [
      "ed",
      " Sample",
      "Aug",
      " or",
      " von",
      "ely",
      "ly",
      "petition",
      "3",
      " :"
    ]
  },
  "50": {
    "n_tokens": 25152,
    "median_continuous_cos": 0.9911518096923828,
    "median_discrete_cos": 0.8634794354438782,
    "mean_discrete_cos": 0.8484022402763367,
    "std_discrete_cos": 0.059731899969887745,
    "min_discrete_cos": 0.7078873515129089,
    "all_continuous": [
      0.9863916635513306,
      0.9915990829467773,
      0.990217387676239,
      0.9890346527099609,
      0.9968494772911072,
      0.9901058077812195,
      0.9888342022895813,
      0.9901500940322876,
      0.9934951663017273,
      0.9876644015312195,
      0.9883635640144348,
      0.9914976358413696,
      0.992261528968811,
      0.9956049919128418,
      0.9912418723106384,
      0.9831066131591797,
      0.9911518096923828,
      0.9916168451309204,
      0.9847017526626587,
      0.9838056564331055,
      0.9950206875801086,
      0.9917449951171875,
      0.9840309023857117,
      0.996630847454071,
      0.99244624376297
    ],
    "all_discrete": [
      0.7389726042747498,
      0.8799484372138977,
      0.8721935153007507,
      0.7173952460289001,
      0.9405320286750793,
      0.895476758480072,
      0.8575611114501953,
      0.8019130825996399,
      0.882476270198822,
      0.7078873515129089,
      0.8611078262329102,
      0.8703004717826843,
      0.8908376097679138,
      0.8876277804374695,
      0.8176655173301697,
      0.8218302130699158,
      0.8799028396606445,
      0.8445398211479187,
      0.8634794354438782,
      0.8200944066047668,
      0.9034557342529297,
      0.89925616979599,
      0.7990037798881531,
      0.9380159378051758,
      0.8185820579528809
    ],
    "sample_tokens": [
      " Sen",
      "j",
      " filos",
      " no",
      " V",
      "head",
      "y",
      "{$\\",
      " 3",
      " :"
    ]
  },
  "75": {
    "n_tokens": 37728,
    "median_continuous_cos": 0.9950678944587708,
    "median_discrete_cos": 0.9011953473091125,
    "mean_discrete_cos": 0.898590669631958,
    "std_discrete_cos": 0.03278520963440193,
    "min_discrete_cos": 0.8340606689453125,
    "all_continuous": [
      0.9933347702026367,
      0.9951398968696594,
      0.994454026222229,
      0.9964828491210938,
      0.9935512542724609,
      0.9967517852783203,
      0.9949037432670593,
      0.9942383170127869,
      0.9978145956993103,
      0.9961762428283691,
      0.9927701950073242,
      0.9950678944587708,
      0.9946064352989197,
      0.9984618425369263,
      0.9951082468032837,
      0.993913471698761,
      0.9975191354751587,
      0.9952373504638672,
      0.9928089380264282,
      0.9942085146903992,
      0.994839608669281,
      0.9978917241096497,
      0.9924667477607727,
      0.9960601925849915,
      0.995614230632782
    ],
    "all_discrete": [
      0.8455045819282532,
      0.914822518825531,
      0.9044706225395203,
      0.9024186134338379,
      0.9120494723320007,
      0.9359739422798157,
      0.9011953473091125,
      0.8762693405151367,
      0.9379019737243652,
      0.8793715834617615,
      0.8854027986526489,
      0.8588202595710754,
      0.8801952600479126,
      0.9614154100418091,
      0.8760523200035095,
      0.8637296557426453,
      0.9163755774497986,
      0.9275919198989868,
      0.8758254051208496,
      0.9506392478942871,
      0.8805448412895203,
      0.9378973245620728,
      0.8340606689453125,
      0.9306671023368835,
      0.8755709528923035
    ],
    "sample_tokens": [
      " senators",
      "j",
      " Minor",
      " no",
      " V",
      " alk",
      "y",
      "ria",
      " 3",
      " :"
    ]
  },
  "100": {
    "n_tokens": 50304,
    "median_continuous_cos": 0.9980006217956543,
    "median_discrete_cos": 0.9598885774612427,
    "mean_discrete_cos": 0.9556333041191101,
    "std_discrete_cos": 0.027894434418023254,
    "min_discrete_cos": 0.9018413424491882,