{
  "experiment_A_last_position": {
    "median_cosine": 0.9999998211860657,
    "mean_cosine": 0.9999994844198227,
    "all_cosines": [
      1.0,
      0.9999992847442627,
      1.0,
      0.9999998211860657,
      1.0,
      0.9999997615814209,
      0.9999997019767761,
      0.9999985694885254,
      0.9999998807907104,
      0.9999999403953552,
      1.0,
      0.9999996423721313,
      1.0,
      1.0000001192092896,
      0.9999998211860657,
      0.9999992847442627,
      0.999996542930603,
      0.9999998807907104,
      0.9999992847442627,
      0.999998152256012
    ]
  },
  "experiment_B_multi_position": {
    "last_1": {
      "n_positions": 1,
      "median_cosine": 0.9999998509883881,
      "mean_cosine": 0.9999996960163117,
      "std_cosine": 4.2770226480746836e-07,
      "all_cosines": [
        1.0,
        0.9999992847442627,
        1.0,
        0.9999998211860657,
        1.0,
        0.9999997615814209,
        0.9999997019767761,
        0.9999985694885254,
        0.9999998807907104,
        0.9999999403953552
      ]
    },
    "last_5": {
      "n_positions": 5,
      "median_cosine": 0.9982397556304932,
      "mean_cosine": 0.9981356561183929,
      "std_cosine": 0.0011726652545322252,
      "all_cosines": [
        0.9978845715522766,
        0.9993715286254883,
        0.996808648109436,
        0.9980406761169434,
        0.9990230798721313,
        0.9961576461791992,
        0.996709942817688,
        0.9992960095405579,
        0.998438835144043,
        0.9996256232261658
      ]
    },
    "last_10": {
      "n_positions": 10,
      "median_cosine": 0.9887610971927643,
      "mean_cosine": 0.9856286764144897,
      "std_cosine": 0.00795121742913639,
      "all_cosines": [
        0.9891148805618286,
        0.9932010769844055,
        0.9884073138237,
        0.9814473986625671,
        0.9902154803276062,
        0.985238254070282,
        0.964538037776947,
        0.9926143884658813,
        0.982387363910675,
        0.9891225695610046
      ]
    },
    "last_20": {
      "n_positions": 20,
      "median_cosine": 0.9668634533882141,
      "mean_cosine": 0.9622257292270661,
      "std_cosine": 0.009494622972078218,
      "all_cosines": [
        0.9699116945266724,
        0.972324550151825,
        0.9473247528076172,
        0.9436430931091309,
        0.9669384360313416,
        0.9685988426208496,
        0.9667884707450867,
        0.9607440829277039,
        0.9695510864257812,
        0.9564322829246521
      ]
    },
    "all_context": {
      "n_positions": 100,
      "median_cosine": 0.914657711982727,
      "mean_cosine": 0.906879085302353,
      "std_cosine": 0.01746637932092515,
      "all_cosines": [
        0.9206556677818298,
        0.8971263766288757,
        0.9167855381965637,
        0.884128987789154,
        0.9187368750572205,
        0.9146014451980591,
        0.914713978767395,
        0.9225849509239197,
        0.9126800298690796,
        0.8667770028114319
      ]
    }
  },
  "experiment_C_distance": {
    "20": {
      "distance_from_prefix": 0,
      "median_cosine": 1.0,
      "mean_cosine": 0.9999996662139893,
      "all_cosines": [
        0.9999967813491821,
        1.0,
        0.9999998807907104,
        1.0,
        1.0,
        1.0,
        1.0,
        1.0,
        1.0,
        1.0
      ]
    },
    "25": {
      "distance_from_prefix": 5,
      "median_cosine": 0.9999999105930328,
      "mean_cosine": 0.9999996066093445,
      "all_cosines": [
        1.0,
        0.9999976754188538,
        1.0000001192092896,
        1.0,
        0.9999991655349731,
        0.9999998807907104,
        0.9999994039535522,
        0.9999998807907104,
        0.9999999403953552,
        1.0
      ]
    },
    "30": {
      "distance_from_prefix": 10,
      "median_cosine": 0.9999999105930328,
      "mean_cosine": 0.9999995768070221,
      "all_cosines": [
        1.0,
        0.9999998807907104,
        0.9999998807907104,
        1.0,
        0.9999999403953552,
        0.9999997019767761,
        1.0,
        1.0,
        0.9999971985816956,
        0.9999991655349731
      ]
    },
    "40": {
      "distance_from_prefix": 20,
      "median_cosine": 0.9999998211860657,
      "mean_cosine": 0.9999987483024597,
      "all_cosines": [
        1.0,
        0.9999998807907104,
        0.9999995827674866,
        0.999999463558197,
        1.0,
        0.9999999403953552,
        0.9999995827674866,
        0.9999997615814209,
        1.0,
        0.9999892711639404
      ]
    },
    "60": {
      "distance_from_prefix": 40,
      "median_cosine": 0.9999998807907104,
      "mean_cosine": 0.9999968409538269,
      "all_cosines": [
        0.9999988675117493,
        0.9999998807907104,
        0.9999808073043823,
        0.9999998807907104,
        0.9999998807907104,
        0.9999999403953552,
        1.0,
        1.0,
        1.0,
        0.9999891519546509
      ]
    },
    "80": {
      "distance_from_prefix": 60,
      "median_cosine": 0.9999998211860657,
      "mean_cosine": 0.999999052286148,
      "all_cosines": [
        0.9999999403953552,
        0.9999998807907104,
        0.9999997615814209,
        0.9999955892562866,
        1.0,
        0.9999998807907104,
        0.9999984502792358,
        0.9999999403953552,
        0.9999997615814209,
        0.9999973177909851
      ]
    },
    "100": {
      "distance_from_prefix": 80,
      "median_cosine": 0.9999983906745911,
      "mean_cosine": 0.9999957203865051,
      "all_cosines": [
        0.999998927116394,
        0.9999978542327881,
        0.9999731779098511,
        0.9999971389770508,
        0.9999989867210388,
        0.9999998807907104,
        0.9999999403953552,
        1.0,
        0.9999964237213135,
        0.9999948740005493
      ]
    },
    "119": {
      "distance_from_prefix": 99,
      "median_cosine": 0.9999998509883881,
      "mean_cosine": 0.9999996960163117,
      "all_cosines": [
        1.0,
        0.9999992847442627,
        1.0,
        0.9999998211860657,
        1.0,
        0.9999997615814209,
        0.9999997019767761,
        0.9999985694885254,
        0.9999998807907104,
        0.9999999403953552
      ]
    }
  }
}