{
  "fractions": [
    0.0,
    0.1,
    0.2,
    0.3,
    0.5,
    0.7,
    1.0
  ],
  "n_targets": 20,
  "median_cosine_by_fraction": {
    "0.0": 0.9960067570209503,
    "0.1": 0.9634281694889069,
    "0.2": 0.9655019044876099,
    "0.3": 0.9610803723335266,
    "0.5": 0.9639281630516052,
    "0.7": 0.9720369875431061,
    "1.0": 0.9647045731544495
  },
  "all_cosines_by_fraction": {
    "0.0": [
      0.9964209794998169,
      0.9968534708023071,
      0.9959911704063416,
      0.9956680536270142,
      0.9960493445396423,
      0.9960223436355591,
      0.9954448938369751,
      0.9956462979316711,
      0.99573814868927,
      0.996220052242279,
      0.9960489273071289,
      0.9960479736328125,
      0.9955812692642212,
      0.9958366751670837,
      0.9967262148857117,
      0.995452880859375,
      0.996123731136322,
      0.9954370856285095,
      0.9954310655593872,
      0.9960350394248962
    ],
    "0.1": [
      0.9612695574760437,
      0.9625704884529114,
      0.9633604288101196,
      0.9643893241882324,
      0.963931679725647,
      0.9619256854057312,
      0.9631956219673157,
      0.9625915884971619,
      0.963852047920227,
      0.9656341671943665,
      0.9639140963554382,
      0.9606004953384399,
      0.9632771611213684,
      0.9636804461479187,
      0.9631590247154236,
      0.9650384783744812,
      0.9635370373725891,
      0.9636847376823425,
      0.9626027941703796,
      0.9634959101676941
    ],
    "0.2": [
      0.9651365280151367,
      0.9642336964607239,
      0.9664332270622253,
      0.9654363989830017,
      0.9656192660331726,
      0.9644634127616882,
      0.9647571444511414,
      0.9665437936782837,
      0.9666169285774231,
      0.9656586050987244,
      0.9659585356712341,
      0.9642605781555176,
      0.9642181396484375,
      0.965567409992218,
      0.9671840667724609,
      0.9662528038024902,
      0.9643431901931763,
      0.9664545059204102,
      0.9652640223503113,
      0.9645723700523376
    ],
    "0.3": [
      0.9589962363243103,
      0.9625978469848633,
      0.9589473009109497,
      0.9602654576301575,
      0.9628608822822571,
      0.9595670104026794,
      0.9538369178771973,
      0.9604969024658203,
      0.9602773785591125,
      0.96197909116745,
      0.9604793787002563,
      0.9627143740653992,
      0.9609548449516296,
      0.9623149037361145,
      0.9613739848136902,
      0.9625186920166016,
      0.9621855616569519,
      0.9628467559814453,
      0.9607866406440735,
      0.9612058997154236
    ],
    "0.5": [
      0.963927686214447,
      0.9648338556289673,
      0.9655367136001587,
      0.9622821807861328,
      0.9640403985977173,
      0.9650198221206665,
      0.9639286398887634,
      0.961861252784729,
      0.9652522206306458,
      0.9651016592979431,
      0.9634195566177368,
      0.9646995663642883,
      0.9619285464286804,
      0.9630371928215027,
      0.9654256105422974,
      0.9621034860610962,
      0.962805449962616,
      0.9629846811294556,
      0.9651780128479004,
      0.963665783405304
    ],
    "0.7": [
      0.9708401560783386,
      0.97121661901474,
      0.9729641079902649,
      0.9715518951416016,
      0.9702917337417603,
      0.9721060991287231,
      0.9711389541625977,
      0.9716129302978516,
      0.9717581868171692,
      0.971967875957489,
      0.9727148413658142,
      0.9730667471885681,
      0.9729660153388977,
      0.9735954403877258,
      0.9732206463813782,
      0.9717420935630798,
      0.9722464680671692,
      0.9715248346328735,
      0.9721534848213196,
      0.9723830223083496
    ],
    "1.0": [
      0.9634060859680176,
      0.9644738435745239,
      0.9648136496543884,
      0.9652292132377625,
      0.9648386240005493,
      0.9648935198783875,
      0.9648500680923462,
      0.9617078900337219,
      0.9643329977989197,
      0.963648796081543,
      0.9653830528259277,
      0.9641166925430298,
      0.965165913105011,
      0.9652620553970337,
      0.9628515243530273,
      0.9630547761917114,
      0.9653823971748352,
      0.964471161365509,
      0.9645954966545105,
      0.9649516344070435
    ]
  }
}