{
  "n_targets": 50,
  "final_cosines": [
    0.9964209794998169,
    0.9968534708023071,
    0.9959911704063416,
    0.9956680536270142,
    0.9960493445396423,
    0.9960223436355591,
    0.9954448938369751,
    0.9956462979316711,
    0.99573814868927,
    0.996220052242279,
    0.9960489273071289,
    0.9960479736328125,
    0.9955812692642212,
    0.9958366751670837,
    0.9967262148857117,
    0.995452880859375,
    0.996123731136322,
    0.9954370856285095,
    0.9954310655593872,
    0.9960350394248962,
    0.9962469339370728,
    0.9958257675170898,
    0.9958977103233337,
    0.9961481094360352,
    0.99603271484375,
    0.9959951639175415,
    0.996008038520813,
    0.9963338971138,
    0.9958512187004089,
    0.9961662292480469,
    0.9967046976089478,
    0.9964413046836853,
    0.9952067732810974,
    0.995596706867218,
    0.9952399134635925,
    0.9957290887832642,
    0.9956604242324829,
    0.9965631365776062,
    0.9956014752388,
    0.9962381720542908,
    0.9962827563285828,
    0.9956241846084595,
    0.9965931177139282,
    0.9954954981803894,
    0.9958269000053406,
    0.9955690503120422,
    0.9959184527397156,
    0.9956859946250916,
    0.9957063794136047,
    0.9962095618247986
  ],
  "final_mses": [
    0.021417638286948204,
    0.019231613725423813,
    0.020413527265191078,
    0.023840997368097305,
    0.020982440561056137,
    0.02188355289399624,
    0.021368885412812233,
    0.024092694744467735,
    0.02097233198583126,
    0.019778450950980186,
    0.019478825852274895,
    0.019446751102805138,
    0.02432803437113762,
    0.02218102663755417,
    0.018564091995358467,
    0.02517315372824669,
    0.020530149340629578,
    0.02336038462817669,
    0.023967092856764793,
    0.022375358268618584,
    0.02004874311387539,
    0.02215944230556488,
    0.04801002889871597,
    0.02045457996428013,
    0.019933238625526428,
    0.02051105536520481,
    0.019211236387491226,
    0.019397230818867683,
    0.020159173756837845,
    0.020259758457541466,
    0.01797299087047577,
    0.019144214689731598,
    0.022309070453047752,
    0.020908594131469727,
    0.023918062448501587,
    0.02344796061515808,
    0.023413581773638725,
    0.06691832095384598,
    0.021367492154240608,
    0.02030162140727043,
    0.01868315227329731,
    0.05604904145002365,
    0.018504086881875992,
    0.024715185165405273,
    0.054341282695531845,
    0.023287907242774963,
    0.0210866779088974,
    0.020712945610284805,
    0.04281957074999809,
    0.021953925490379333
  ],
  "restart_variances": [
    3.325633066668277e-07,
    5.722653225078349e-07,
    6.677052154449812e-07,
    1.7719153671769705e-07,
    2.925137158680416e-07,
    3.9283467752395756e-07,
    5.746663679180721e-07,
    3.096579067910021e-07,
    2.419224925782025e-07,
    1.7583464608572513e-07,
    5.460266971303719e-07,
    1.0698613455625376e-07,
    2.5906960184713876e-07,
    5.617450934223899e-07,
    1.4986579484629273e-06,
    3.5063090894034307e-07,
    5.201649792063627e-07,
    9.55128131294073e-08,
    7.51558383825657e-07,
    3.153594137090655e-07,
    4.0076592521453777e-07,
    7.274237131229308e-07,
    7.432808369006112e-07,
    2.2154080254558708e-07,
    4.257214110967852e-07,
    5.582740157977946e-07,
    9.473019330175389e-07,
    8.613722869577881e-07,
    1.0391197282257302e-06,
    5.629477725057383e-07,
    7.584762384899621e-07,
    7.72895507978451e-07,
    3.498468155539628e-07,
    5.965544050002427e-07,
    1.5731384447755963e-08,
    2.764173022896654e-07,
    2.1553626328457428e-07,
    5.535188133724448e-07,
    1.1913609979327146e-06,
    8.815701564155997e-07,
    5.387205673943346e-07,
    2.813313581534722e-07,
    3.8969059880325234e-07,
    4.950120134144239e-07,
    2.888997986124569e-07,
    1.658893812798816e-07,
    4.3807773890234374e-07,
    3.3961173889507323e-07,
    1.2830414274430479e-07,
    6.648297927724941e-07
  ],
  "all_restart_cosines": [
    [
      0.9952057003974915,
      0.9964209794998169,
      0.9952993392944336
    ],
    [
      0.9952025413513184,
      0.9968534708023071,
      0.9953922629356384
    ],
    [
      0.9946475028991699,
      0.9959911704063416,
      0.9941115379333496
    ],
    [
      0.994849681854248,
      0.9956680536270142,
      0.994789719581604
    ],
    [
      0.994782567024231,
      0.9960493445396423,
      0.9952307939529419
    ],
    [
      0.995121955871582,
      0.9960223436355591,
      0.9945327043533325
    ],
    [
      0.9951282739639282,
      0.9954448938369751,
      0.9937148094177246
    ],
    [
      0.994985044002533,
      0.9956462979316711,
      0.9943094253540039
    ],
    [
      0.994601845741272,
      0.99573814868927,
      0.9950259327888489
    ],
    [
      0.9954575896263123,
      0.996220052242279,
      0.9952996373176575
    ],
    [
      0.9947013854980469,
      0.9960489273071289,
      0.9944086074829102
    ],
    [
      0.9954546093940735,
      0.9960479736328125,
      0.995335042476654
    ],
    [
      0.994798481464386,
      0.9955812692642212,
      0.9943957328796387
    ],
    [
      0.9949638247489929,
      0.9958366751670837,
      0.9940395355224609
    ],
    [
      0.9952189326286316,
      0.9967262148857117,
      0.9938041567802429
    ],
    [
      0.9950631260871887,
      0.995452880859375,
      0.994048535823822
    ],
    [
      0.994828999042511,
      0.996123731136322,
      0.9945325255393982
    ],
    [
      0.9951119422912598,
      0.9954370856285095,
      0.9947048425674438
    ],
    [
      0.9951874613761902,
      0.9954310655593872,
      0.993510365486145
    ],
    [
      0.9950853586196899,
      0.9960350394248962,
      0.994748592376709
    ],
    [
      0.9948790669441223,
      0.9962469339370728,
      0.9950469136238098
    ],
    [
      0.9948164224624634,
      0.9958257675170898,
      0.9937769174575806
    ],
    [
      0.9945732355117798,
      0.9958977103233337,
      0.9939197897911072
    ],
    [
      0.995661199092865,
      0.9961481094360352,
      0.9950191378593445
    ],
    [
      0.9948627352714539,
      0.99603271484375,
      0.9945864677429199
    ],
    [
      0.9949933290481567,
      0.9959951639175415,
      0.9942383766174316
    ],
    [
      0.9951385855674744,
      0.996008038520813,
      0.9936918616294861
    ],
    [
      0.9949472546577454,
      0.9963338971138,
      0.9941482543945312
    ],
    [
      0.9946094751358032,
      0.9958512187004089,
      0.9934202432632446
    ],
    [
      0.9951288104057312,
      0.9961662292480469,
      0.9943912625312805
    ],
    [
      0.9951249957084656,
      0.9967046976089478,
      0.9947885870933533
    ],
    [
      0.9948145151138306,
      0.9964413046836853,
      0.9945064783096313
    ],
    [
      0.9951583743095398,
      0.9952067732810974,
      0.9939519166946411
    ],
    [
      0.9945694208145142,
      0.995596706867218,
      0.9937545657157898
    ],
    [
      0.994989812374115,
      0.9951503872871399,
      0.9952399134635925
    ],
    [
      0.9954171180725098,
      0.9957290887832642,
      0.9945196509361267
    ],
    [
      0.9951009154319763,
      0.9956604242324829,
      0.9945420622825623
    ],
    [
      0.9954466819763184,
      0.9965631365776062,
      0.9951373934745789
    ],
    [
      0.9948469996452332,
      0.9956014752388,
      0.9930402636528015
    ],
    [
      0.9945901036262512,
      0.9962381720542908,
      0.9941055178642273
    ],
    [
      0.995278537273407,
      0.9962827563285828,
      0.9945492744445801
    ],
    [
      0.9951791763305664,
      0.9956241846084595,
      0.9943146109580994
    ],
    [
      0.9955763220787048,
      0.9965931177139282,
      0.9951465725898743
    ],
    [
      0.9946908354759216,
      0.9954954981803894,
      0.9938165545463562
    ],
    [
      0.995223343372345,
      0.9958269000053406,
      0.9945002794265747
    ],
    [
